{
	"name": "sta",
	"title": "Star Trek Adventures Roleplaying Game",
	"description": "An unofficial rendition of the Modiphius tabletop role playing game system.",
	"version": "1.1.4",
	"minimumCoreVersion": "0.7.7",
	"compatibleCoreVersion": "0.8.9",
	"templateVersion": 1,
	"author": "mkscho63",
	"esmodules": ["module/sta.js"],
	"styles": ["sta.css"],
	"packs": [],
	"languages": [
		{
			"lang": "en",
			"name": "English",
			"path": "lang/en.json"
		},
		{
			"lang": "es",
			"name": "Spanish",
			"path": "lang/es.json"
		},
		{
			"lang": "de",
			"name": "German",
			"path": "lang/de.json"
		},
		{
			"lang": "fr",
			"name": "French",
			"path": "lang/fr.json"
		}
	],
	"gridDistance": 5,
	"gridUnits": "ft",
	"primaryTokenAttribute": "stress",
	"secondaryTokenAttribute": "determination",
	"url": "https://github.com/mkscho63/sta",
	"manifest": "https://raw.githubusercontent.com/mkscho63/sta/master/src/system.json",
	"download": "https://raw.githubusercontent.com/mkscho63/sta/v1.1.4/package/sta-v1.1.4.zip"
}