{
    "name": "sta",
    "title": "Star Trek Adventures Roleplaying Game",
    "description": "An unofficial rendition of the Modiphius tabletop role playing game system.",
    "version": "0.0.2",
    "minimumCoreVersion": "0.7.7",
    "compatibleCoreVersion": "0.7.7",
    "templateVersion": 1,
    "author": "mkscho63",
    "esmodules": ["module/sta.js"],
    "styles": ["sta.css"],
    "packs": [
        {
			"label": "Weapons",
			"entity": "Item",
			"name": "weapons",
			"path": "./assets/packs/weapons.db",
			"system": "sta"
		}
    ],
    "languages": [{
        "lang": "en",
        "name": "English",
        "path": "lang/en.json"
    }],
    "gridDistance": 5,
    "gridUnits": "ft",
    "primaryTokenAttribute": "stress",
    "secondaryTokenAttribute": "determination",
    "url": "https://github.com/mkscho63/sta",
    "manifest": "https://github.com/mkscho63/sta/master/system.json",
    "download": "https://github.com/mkscho63/sta/archive/master.zip"
}