{
	"id": "sta",
	"title": "Star Trek Adventures Roleplaying Game",
	"description": "An unofficial rendition of the Modiphius tabletop role playing game system.",
	"version": "2.4.3",
	"compatibility": {
		"verified": "13",
		"minimum": "13"
	},
	"authors": [
		{
			"name": "mkscho63",
			"discord": "FullMetalSeraph",
			"flags": {}
		},
		{
			"name": "CalinStar",
			"discord": "CalinStar",
			"flags": {}
		}
	],
	"esmodules": ["module/sta.js"],
	"flags": {
		"hotReload": {
			"extensions": [
				"css",
				"hbs",
				"json"
			],
			"paths": [
				"sta.css",
				"lang",
				"templates"
			]
		}
	},
	"socket": true,
	"styles": ["sta.css"],
	"languages": [
		{
			"lang": "en",
			"name": "English",
			"path": "lang/en.json",
			"flags": {}
		},
		{
			"lang": "es",
			"name": "Spanish",
			"path": "lang/es.json",
			"flags": {}
		},
		{
			"lang": "de",
			"name": "German",
			"path": "lang/de.json",
			"flags": {}
		},
		{
			"lang": "fr",
			"name": "French",
			"path": "lang/fr.json",
			"flags": {}
		},
		{
			"lang": "pt-BR",
			"name": "Português (Brasil)",
			"path": "lang/pt.json",
			"flags": {}
		}
	],
	"documentTypes": {
		"Actor": {
			"character": {},
			"starship": {},
			"extendedtask": {},
			"smallcraft": {},
			"scenetraits": {}
		},
		"Item": {
			"item": {},
			"focus": {},
			"value": {},
			"characterweapon": {},
			"characterweapon2e": {},
			"starshipweapon": {},
			"starshipweapon2e": {},
			"armor": {},
			"talent": {},
			"milestone": {},
			"injury": {},
			"smallcraftcontainer": {},
			"trait": {},
			"log": {}
		}
	},
	"grid": {
		"distance": 5,
		"units": "m"
	},
	"packs": [
		{
			"label": "Personal Weapons (1e)",
			"name": "personal-weapons-core",
			"path": "assets/packs/1e/personal-weapons-core.db",
			"system": "sta",
			"type": "Item",
			"private": false,
			"flags": {}
		},
		{
			"label": "Values (1e)",
			"name": "values-core",
			"path": "assets/packs/1e/values-core.db",
			"system": "sta",
			"type": "Item",
			"private": false,
			"flags": {}
		},
		{
			"label": "Species Talents (1e)",
			"name": "species-talents-core",
			"path": "assets/packs/1e/species-talents-core.db",
			"system": "sta",
			"type": "Item",
			"private": false,
			"flags": {}
		},
		{
			"label": "General Talents (1e)",
			"name": "general-talents-core",
			"path": "assets/packs/1e/general-talents-core.db",
			"system": "sta",
			"type": "Item",
			"private": false,
			"flags": {}
		},
		{
			"label": "Discipline Talents (1e)",
			"name": "discipline-talents-core",
			"path": "assets/packs/1e/discipline-talents-core.db",
			"system": "sta",
			"type": "Item",
			"private": false,
			"flags": {}
		},
		{
			"label": "Starship Talents (1e)",
			"name": "starship-talents-core",
			"path": "assets/packs/1e/starship-talents-core.db",
			"system": "sta",
			"type": "Item",
			"private": false,
			"flags": {}
		},
		{
			"label": "Focuses (1e)",
			"name": "focuses-core",
			"path": "assets/packs/1e/focuses-core.db",
			"system": "sta",
			"type": "Item",
			"private": false,
			"flags": {}
		},
		{
			"label": "Roles (1e)",
			"name": "roles-core",
			"path": "assets/packs/1e/roles-core.db",
			"system": "sta",
			"type": "Item",
			"private": false,
			"flags": {}
		},
		{
			"label": "Damage (1e)",
			"name": "damage-core",
			"path": "assets/packs/1e/damage-core.db",
			"system": "sta",
			"type": "Item",
			"private": false,
			"flags": {}
		},
		{
			"label": "Personal Equipment (1e)",
			"name": "personal-equipment-core",
			"path": "assets/packs/1e/personal-equipment-core.db",
			"system": "sta",
			"type": "Item",
			"private": false,
			"flags": {}
		},
		{
			"label": "Roll Tables (1e)",
			"name": "roll-tables-core",
			"path": "assets/packs/1e/roll-tables-core.db",
			"system": "sta",
			"type": "RollTable",
			"private": false,
			"flags": {}
		},
		{
			"label": "Playable Species (1e)",
			"name": "playable-species-core",
			"path": "assets/packs/1e/playable-species-core.db",
			"system": "sta",
			"type": "JournalEntry",
			"private": false,
			"flags": {}
		},
		{
			"label": "Starship Weapons (1e)",
			"name": "starship-weapons-core",
			"path": "assets/packs/1e/starship-weapons-core.db",
			"system": "sta",
			"type": "Item",
			"private": false,
			"flags": {}
		},
		{
			"label": "Starfleet Starships (1e)",
			"name": "starfleet-starships-core",
			"path": "assets/packs/1e/starfleet-starships-core.db",
			"system": "sta",
			"type": "Actor",
			"private": false,
			"flags": {}
		},
		{
			"label": "Alien Starships (1e)",
			"name": "alien-starships-core",
			"path": "assets/packs/1e/alien-starships-core.db",
			"system": "sta",
			"type": "Actor",
			"private": false,
			"flags": {}
		},
		{
			"label": "NPC Starship Crew (1e)",
			"name": "npc-starship-crew-core",
			"path": "assets/packs/1e/npc-starship-crew-core.db",
			"system": "sta",
			"type": "Actor",
			"private": false,
			"flags": {}
		},
		{
			"label": "Default Maps (1e)",
			"name": "default-maps",
			"path": "assets/packs/1e/default-maps-core.db",
			"system": "sta",
			"type": "Scene",
			"private": false,
			"flags": {}
		},
		{
			"label": "System Damage (2e)",
			"name": "system-damage",
			"path": "assets/packs/2e/damage-and-injuries.db",
			"system": "sta",
			"type": "Item",
			"private": false,
			"flags": {}
		},
		{
			"label": "Equipment - Crew (2e)",
			"name": "equipment-crew",
			"path": "assets/packs/2e/equipment-crew.db",
			"system": "sta",
			"type": "Item",
			"private": false,
			"flags": {}
		},
		{
			"label": "Equipment - Starship (2e)",
			"name": "equipment-starship",
			"path": "assets/packs/2e/equipment-starships.db",
			"system": "sta",
			"type": "Item",
			"private": false,
			"flags": {}
		},
		{
			"label": "Focuses (2e)",
			"name": "focuses",
			"path": "assets/packs/2e/focuses.db",
			"system": "sta",
			"type": "Item",
			"private": false,
			"flags": {}
		},
		{
			"label": "Starships (2e)",
			"name": "starships",
			"path": "assets/packs/2e/starships.db",
			"system": "sta",
			"type": "Actor",
			"private": false,
			"flags": {}
		},
		{
			"label": "Talents - Crew (2e)",
			"name": "talents-crew",
			"path": "assets/packs/2e/talents-crew.db",
			"system": "sta",
			"type": "Item",
			"private": false,
			"flags": {}
		},
		{
			"label": "Talents - Starship (2e)",
			"name": "talents-starship",
			"path": "assets/packs/2e/talents-starship.db",
			"system": "sta",
			"type": "Item",
			"private": false,
			"flags": {}
		},
		{
			"label": "Values (2e)",
			"name": "values",
			"path": "assets/packs/2e/values.db",
			"system": "sta",
			"type": "Item",
			"private": false,
			"flags": {}
		},
		{
			"label": "Lifepath - Species (2e)",
			"name": "lifepath-species",
			"path": "assets/packs/2e/species.db",
			"system": "sta",
			"type": "JournalEntry",
			"private": false,
			"flags": {}
		},
		{
			"label": "Lifepath - Career Path (2e)",
			"name": "lifepath-career-path",
			"path": "assets/packs/2e/lifepath-career-path.db",
			"system": "sta",
			"type": "JournalEntry",
			"private": false,
			"flags": {}
		},
		{
			"label": "Lifepath - Environment (2e)",
			"name": "lifepath-environment",
			"path": "assets/packs/2e/lifepath-environment.db",
			"system": "sta",
			"type": "JournalEntry",
			"private": false,
			"flags": {}
		},
		{
			"label": "Lifepath - Upbringing (2e)",
			"name": "lifepath-upbringing",
			"path": "assets/packs/2e/lifepath-upbringing.db",
			"system": "sta",
			"type": "JournalEntry",
			"private": false,
			"flags": {}
		},
		{
			"label": "Lifepath - Career Events (2e)",
			"name": "lifepath-career-events",
			"path": "assets/packs/2e/lifepath-career-events.db",
			"system": "sta",
			"type": "JournalEntry",
			"private": false,
			"flags": {}
		}
	],
	"packFolders": [
		{
			"name": "STA 1st Edition",
			"sorting": "a",
			"packs": [
				"personal-weapons-core",
				"values-core",
				"species-talents-core",
				"general-talents-core",
				"discipline-talents-core",
				"starship-talents-core",
				"focuses-core",
				"roles-core",
				"damage-core",
				"personal-equipment-core",
				"roll-tables-core",
				"playable-species-core",
				"starship-weapons-core",
				"starfleet-starships-core",
				"alien-starships-core",
				"npc-starship-crew-core",
				"default-maps"
			]
		},
		{
			"name": "STA 2nd Edition",
			"sorting": "a",
			"packs": [
				"system-damage",
				"equipment-crew",
				"equipment-starship",
				"focuses",
				"starships",
				"talents-crew",
				"talents-starship",
				"values",
				"lifepath-species",
				"lifepath-career-path",
				"lifepath-environment",
				"lifepath-upbringing",
				"lifepath-career-events"
			]
		}
	],
	"url": "https://github.com/mkscho63/sta",
	"manifest": "https://raw.githubusercontent.com/mkscho63/sta/master/src/system.json",
	"download": "https://raw.githubusercontent.com/mkscho63/sta/v2.4.3/package/sta-v2.4.3.zip"
}